File Name,GISAID Accession ID,File Size (bytes),Number of Reads,Download Time (Pacific),SHA512
E100000803_L01_36.fq.gz,EPI_ISL_13052298,7767426353,213214887,Mar 10 08:24,C7639636A29B48CE772C16E569CFF8418F2D2950F3F17E4EAC5E5428ED2B23690FCB0B24B95231DC1F51E6CB1B0572EC396EFEBCBE17F4160843D15F9A8A7961
E100000803_L01_40.fq.gz,EPI_ISL_13052299,4509093523,120407578,Mar 10 08:18,92DC8C231A17B719D863436E512906A2977B1A6ACF98D7CE38016AC4A38D4EF019BAF512056E6CB714875632D7924BE446602B66A2483A8710E9B3ED36B86E0D
E100000804_L01_16.fq.gz,EPI_ISL_13052300,3739642126,110003167,Mar 10 08:13,AF33C98642EC9E564CC05BCA288DC80729B6B3F8B6458EFCE6727DB3429B8D9E58C3B8FC8443D0264E71E1A9854FAB2C565B252D214F048182DD9B549A4C4C92
E100000804_L01_17.fq.gz,EPI_ISL_13052301,3865324284,106780574,Mar 10 08:10,530D980B82B3B2E5130C7BEB36B83ADA13534A21C05BFB089E6CA3841BF8C3CBEE230363C237DBB32597F0C8A30A302B69F2DDC4B12ECF513B1C3AB0B5D78503
E100000804_L01_20.fq.gz,EPI_ISL_13052302,5485228446,149217177,Mar 10 08:06,69EF2D3345D3670F557AD9A32080CFE589AB3242BB4FBDD79EE703E5298A542AF5CD9ED6E6746E30085E2A2347566713E1D5E9A408C3EA28E54B2D5CE86F036E
E100001221_L01_28_1.fq.gz,EPI_ISL_13052303,4794696314,82240796,Mar 10 08:31,8D260DFFFC0CCBF53FB4A988115FBA248D4253D1CE45D2FAC82B3FB348C5021E6E11CDCA629E4E90CB018DE8A29B8286C402F042A17C12697D9CCA0B3694BF8D
E100001221_L01_28_2.fq.gz,EPI_ISL_13052303,5326441260,82240796,Mar 10 08:33,1A02746995E508D345630174E8FC41312D8B35AF52C0BD912D651BD1A7951680C7C7C45808887D65E09284B6C795359008D75AE91638CA0B146ECB0A989D4373
E100001233_L01_1.fq.gz,EPI_ISL_13052309,3692186143,85783905,Mar 10 09:54,EA0B7F3415EEBD53CC280A1A997BD3CF6FA6E09B72F81412F463BB439477E290DF6207175222C6BEF0BE496C72F4D7045FC936E612D8D053A65495E3C1EDCE8E
E100001233_L01_10.fq.gz,EPI_ISL_13052315,5697353627,130801016,Mar 10 11:06,5B6CEB0F545D9E564C3A64D3F95D655CDCDE0B7237940F4E9E39BA2EFFC024D7F90EBDB44BA41C24964A7BF02905039E560AC3DE24E2DE79663911A06FCACDFF
E100001233_L01_12.fq.gz,EPI_ISL_13052310,7793637440,181786282,Mar 10 10:08,9BDE9C06CB1F1B06EF052E6F764F0B10BF0892BB87F28E63A74863BDD22AAADE5806189386D394500E08FF50368B2844FE19F642871D187B66673DC59027F0B3
E100001233_L01_15.fq.gz,EPI_ISL_13052311,6710405008,154824726,Mar 10 10:15,6DAB2C272774103593B15B829F27D55EE450D2B2B4025EF5136688300D9F22806C8C24C0F74830A64714922B7AFA39218E66665986E8FE6E48344911363A9CFE
E100001233_L01_16.fq.gz,EPI_ISL_13052312,6435325792,159842119,Mar 10 10:23,5A0D828873489325F12D6768D6ABB123D663E39510A6F37DB6D96922E106C41B75FF1EAC4C2C4EDE806425F63A51F1085C1C461F0B4DC43531E850BE823D31E5
E100001233_L01_17.fq.gz,EPI_ISL_13052313,6608135878,154869938,Mar 10 10:32,B76D9255319804543AF4A57EE81E4CD332164E86238F34128E6999EDA67A75EC5CA3076869B43ADDB4F4A3206B122EE1E24D426C54E4A97D51B640C655364FF9
E100001233_L01_20.fq.gz,EPI_ISL_13052314,4502265008,105847775,Mar 10 10:37,5A6DF33046DF5189878AB3DB4F555B1CDD03DA13F2C1CFDA4B034C1FE364C6936004A2859EA4C10FD78C3FBAA5C6B53B9323446A050814957FCE73B93C8C002C
E100001233_L01_26.fq.gz,EPI_ISL_13052318,7344124641,178905546,Mar 10 11:55,191B20FC94E4066C778F2D19F91BB6E0DC0681A58277D357538ACFDC7274B7F54AAE06B47F3D0393C71A77C38D6211755E7070E2FA09ACFC872B43DD23791368
E100001233_L01_30.fq.gz,EPI_ISL_13052320,10310081726,233687517,Mar 10 12:09,2792DA346909015AC263456FDF8B470B3B9448057D2D79A7A266568B0D9BFF1FC15723977933BB744B56973D4696AD00053BA54F8164D5F5B32F1C9BA6B9D845
E100001233_L01_31.fq.gz,EPI_ISL_13052316,6535488275,150314711,Mar 10 11:41,F229FA5D4F22E22681B37A01B818E8C97C31BC98A631BA7AEB495E3B4DAB50426AB6ECEA492C930F29E93530D2BE5587A30412C4D947472B4DC1CC04C74897C4
E100001233_L01_32.fq.gz,EPI_ISL_13052321,7385407617,174771713,Mar 10 12:34,0DA4DE2CA30E72BDF8FC1E55A3D74DE529A522F63351ACE2039F69ED6C85B71C5FB474707E733172BA585F9877CBC5671827226D9EAB7F43B7420CDF643BFE5D
E100001233_L01_33.fq.gz,EPI_ISL_13052317,8445815791,189102574,Mar 10 11:49,8B90D1703B854000EEAC7D5F66F456964CBEB106891E4615C4D5844853F0365BE790195E8CEC45E0EAED1B3B597EDD93196F84AD02211AB8FF264CABD53AE65F
E100001233_L01_36.fq.gz,EPI_ISL_13052319,6180275579,141210150,Mar 10 12:01,845D886FBC83B691597F602FBF198DD24AA51A28CBFF1C24578C7EF80BC1148B42AB4966443CF360DEB9676072C23D1F3BD695B3941FE3C33CD1146259D4964F
E100001318_L01_10_1.fq.gz,EPI_ISL_13052308,10983812733,161289226,Mar 10 09:09,7DB7AF6B82D1B9D85EFC97E46F9DE6318DD78BEB7D066BEB421396EB3B7F1706AAAE524E5029285B4C0ECA747ABAAD9F940DF431B98526E6CECB786778143F67
E100001318_L01_10_2.fq.gz,EPI_ISL_13052308,10896979907,161289226,Mar 10 09:09,739D8F20B26FC2794EA70ADDBC1B5AED3C47A8B4911BB8D40624C3C4B8708BD21D19030F17F4F3FF2FFD046AF360145F031E1989FC787684F99D209992A52721
E100001335_L01_43_1.fq.gz,EPI_ISL_13052304,4921118574,67967303,Mar 10 08:38,278206DBB8B6E047E6A58876DA7E29DB128E8ED9C3BED0EFA41A7124AA5630FDAF3564D2B59548D76CF9FE9EBD61FA07F6E36DE2884C5F71ABEF9ABFB2872256
E100001335_L01_43_2.fq.gz,EPI_ISL_13052304,5002822802,67967303,Mar 10 08:38,F985C7E998B9B7D11AD3C407F17E9E89FA0DC96FAE60031703F3DB2FC421B2E6AF116C50A4E07D0E02D1C12893BA2EB91F1DDEDDE82514B89E08B13E8CB47AFB
E100001425_L01_2_1.fq.gz,EPI_ISL_13052305,5117717218,59720107,Mar 10 08:54,60C920CF3190C506B089DDC25535894CA09B1EEEC847260C2250FD21456BC9F9446104A4941DE30943CF681E221C1B0980DDB2A7DE82FBBDBFC7FD978745B912
E100001425_L01_2_2.fq.gz,EPI_ISL_13052305,5477933107,59720107,Mar 10 08:54,B7B030ACE2F672AB0BF8F07CDCD713ED4D63EEC96F3DECDBD641F74B9B7D2769070F9867795F2CDB1D8955ED8851DB064C313CF2A4733E2923262B80BF12ECF5
E100001425_L01_4_1.fq.gz,EPI_ISL_13052306,4984246371,56510859,Mar 10 08:49,3147FD91ED9920FF62D241A87B31D79F43B69CE82365DE2630974929850EAF496F641FF34A9445EDACF717E5476D668B4258F39CA08199766BE9612DE8399582
E100001425_L01_4_2.fq.gz,EPI_ISL_13052306,5192273180,56510859,Mar 10 08:49,653196FE08AF8CDBFFE5D28E8D26C344DEDC995327DE2763D82810AB82E55DC2ABA78F3A257D9037DADC9879C82F3C4B8FF8156F21ECA2E94C9DDAB2CCC6322D
E100001425_L01_5_1.fq.gz,EPI_ISL_13052307,6479877189,74216910,Mar 10 08:44,AC6E7617E2AEE9C29180DB52EEBAF142A4A50365ED30BE3640CC38DAD6D2D6F403CB9E97616727AD052FA6DDF62F8ED1B3FE26AAC704BDE4572602EF026737C1
E100001425_L01_5_2.fq.gz,EPI_ISL_13052307,6821951448,74216910,Mar 10 08:44,4D4330CA828AF02B3F3D82919D1FC308A6814E842F95A2FE4281C44A6008AC7410B708A3DA41E077F752BC1BFDF0F76E83B75098E2A47B14F9567762974B7D83
V300046953_L01_10_1.fq.gz,EPI_ISL_13052344,3874465790,47060886,Mar 10 16:05,72726FE12DEB41B48AFD0778695FCBC6CBC6897A63A60B5FACC423D21EFF97BBF4943F0A65D755DC8AB49E90255FA50E07C0BAA92FA30B786DD85F797D43ED96
V300046953_L01_10_2.fq.gz,EPI_ISL_13052344,4121325653,47060886,Mar 10 16:05,11C6BE5ADCC1AB9814F648B96CCE31297414B4703B111D8F0F02CA46A5CAA85C1EBE52687C5EC98412752F2DACD051481A369E036E4262703D2B3A978B26CE3B
V300046953_L01_11_1.fq.gz,EPI_ISL_13052332,2464578560,29523032,Mar 10 14:27,AB966136708EE181E096B933E2D8738CD8C3B408EED097FD9896E5F4CC6A63D1308E770455072A86651E7BB4C752AE868213F17FCF3AA7A2DBF6A0C82011CF56
V300046953_L01_11_2.fq.gz,EPI_ISL_13052332,2630142495,29523032,Mar 10 14:24,C53D6BC2CD89C6C03D79836985E28EEBB86C4CE1CB566055115A7A7CCF4D979784FE0646294D73A506BACC7FE3614136E37A57B499CA16CA343C3B63D313B399
V300046953_L01_12_1.fq.gz,EPI_ISL_13052333,2107419508,24949035,Mar 10 14:32,BC20CB915084C36402688E02C443AAEEECE063C3A6B47E85BC6D45F10C60A5F4FE20BD04B4E0052E49316873F837F11425739F024982CF5EC55BF9E1B7171657
V300046953_L01_12_2.fq.gz,EPI_ISL_13052333,2283540059,24949035,Mar 10 14:33,92A16A02D58CB65B47E1C2D8C4CA3E34202B737AF9296552755A5B3E1C90C83EAA56F3B71F0795D5011987FED1C9B4C3669E2728DFAFA32650EB4DBB9EA63B5A
V300046953_L01_1_1.fq.gz,EPI_ISL_13052339,3553903082,41661672,Mar 10 15:30,1101BDD89D0599D677450F22868379250B31A0DF9C2BC02CFFBE97C7F79A9D86D4B43C40CD8277BBC11F2A42BD85C99FA5C5676367EE93093285CE89400E441D
V300046953_L01_1_2.fq.gz,EPI_ISL_13052339,3702826906,41661672,Mar 10 15:29,44754DE82D874F2386B955F7141B68FBEBE9C8FA9C6678C9DB3A9EA74B0795B31580AF497610CFC28C3B3C902748AF8F42D37BA11B04A92E34D82AE4ED45B7ED
V300046953_L01_30_1.fq.gz,EPI_ISL_13052342,2736351583,32817162,Mar 10 15:52,BC347C109F20BA4B84D0994E657577A0F37A407D24EF3ED9F532A7B2ADE902FA130C4E922876DD2B5A4E2B69D700F7BC055EDC74D2046E1DB8E12E53502B6DE9
V300046953_L01_30_2.fq.gz,EPI_ISL_13052342,3023594284,32817162,Mar 10 15:54,629B6E250CE59EDD0DE0A953594F288CA7C92E6484E13F9A0942A125BB82D1DCC57017DCBB4B1B4A181AC3E58EE9A1868EF452C7BD42C47211020F6F16878FC8
V300046953_L01_32_1.fq.gz,EPI_ISL_13052337,2419537457,28704649,Mar 10 15:07,94DA931FF118E478586EB50538624C0F7F70617E9AF9BBB0320C71006249941E5295A560BC1B2CE1D3AC11A0D96C3BF42B0BECB8BA7E9C647B0B67DF0FC79A63
V300046953_L01_32_2.fq.gz,EPI_ISL_13052337,2554502640,28704649,Mar 10 15:08,24961AAC79C98D20AA45B17D5D19DA102810632464BD3C4F4F1F4D8053CAA341453741DBEF58019F71D1B506BF7FD2A386C47AB60CAD36E814F1EF23CCD25B65
V300046953_L01_33_1.fq.gz,EPI_ISL_13052340,2966182765,34632597,Mar 10 15:38,CEF115E45193D2F754379F4DDF7898D34DD97FD5721F942FC0335A54FAC3A9299E25C2721DD9E1A16B950EEF173786CD00811CB7C2FB3D7F0EBF730B97416488
V300046953_L01_33_2.fq.gz,EPI_ISL_13052340,3045611357,34632597,Mar 10 15:38,A0FD08F72C3BF54B75CC9AC22CA4A30CB083F3AE0C3F7534B2609FF41C017D52B0D4F2402B3DEAE9A210500BD940CA7F4C2DBCB0497F726EB55A4C4BA5BA59F8
V300046953_L01_4_1.fq.gz,EPI_ISL_13052334,2864210866,33662844,Mar 10 14:39,E3FC03DB8DC928592896941C30E001CC2E60AB8ADAB2A3BF7F8321C115918E255B699D0B180426758C62F2CE871FB896117D51C5184BEB8A2D6EBC9437C2F9F4
V300046953_L01_4_2.fq.gz,EPI_ISL_13052334,3054139030,33662844,Mar 10 14:38,8E2E918C5E0C1C0180CDA398BC6D34A58A5A0701D836764C0F37AF4CD99DCC4E99313DD161E72B12A302E888AF9ABBCB1E9333518C085181C580AD1B187350FB
V300046953_L01_5_1.fq.gz,EPI_ISL_13052322,1637045916,19257976,Mar 10 12:25,F70FE1B88EAA1959F29F23A9DAF597DE8CB2E797873D42EAD176E83612A3F2BA2AF33DEAFE2A171AD832530400E2B01C14639831A372BFF671E8FDB1672D7056
V300046953_L01_5_2.fq.gz,EPI_ISL_13052322,1760838731,19257976,Mar 10 12:25,009559B06AC7EAB8653876DDF6155C90B520B77B3C52883213FF63618A0F0E87D589FEED8E3BF1A767E088AEE32C127E8EC339A966EA050B64F1C759D14AA2C3
V300046953_L01_6_1.fq.gz,EPI_ISL_13052335,3927038952,46554955,Mar 10 14:49,338074E9E1B72F22C7125E8AD951D830A875776FFA2D77B597000B50BEE1EDD5D7390531F543ABE4B0B4E55EA267EABA701F333C17363343B847769C2004E937
V300046953_L01_6_2.fq.gz,EPI_ISL_13052335,4083589839,46554955,Mar 10 14:51,A4110CC1CC09F034E6CDEA4CC1002F8CD201ED479868B0B2B32854D0B240A3A5ED40D9B0194D8EC1FC9B05D4E5A1257747A34C8BE8A20481BB71C96BF94B698A
V300046953_L01_7_1.fq.gz,EPI_ISL_13052323,Missing from GISAID,Missing from GISAID,Missing from GISAID,Missing from GISAID
V300046953_L01_7_2.fq.gz,EPI_ISL_13052323,2514875293,28515933,Mar 10 12:52,3DB605D68273595DB97249EC59E4623C1CE03BCFC12B29BDA1B8B8DAEA2E78D23F87EFB51F975384E8C9037178DD37F981DAE3B73BE67D68918FA2687E6C4669
V300046953_L01_8_1.fq.gz,EPI_ISL_13052324,1181609052,16140743,Mar 10 13:02,E7A4542F8082C8EB5D0C7F684B48A821F100BE061E783A740E630B84D6A7B0118FABDB286558706D825655AE77C8790ED589DE030D55E32503186EF5B5C9772A
V300046953_L01_8_2.fq.gz,EPI_ISL_13052324,1286034436,16140743,Mar 10 13:02,C0629E356F5B8983FA6DE651228A974EE3E88825B6803815404FDBDC886F30BAEF8F7A7DAFCF9B9997EB13DFF53D6B9B3C654DDEA71F496D2530B5CE102D9C59
V300046953_L02_10_1.fq.gz,EPI_ISL_13052344,3733474945,45336843,Mar 10 16:08,63D6B3102CDCAAB63AB74305667B08873974F9A11FF17ED00B70AB68502AFA23BF962A49BD0FBBC89F17DC7638FE177C013B6DDDF784FC74E04559C803811C5B
V300046953_L02_10_2.fq.gz,EPI_ISL_13052344,3884294675,45336843,Mar 10 16:04,BEBB909CB1D33964B313C8E4A1F1760EE5839CB31A1FAF9A78362C457C4FD198EBBF3C42C28BF351289E14D5BF72D099CD2B19D2D17FBEF0408DEE5AAECA1DB7
V300046953_L02_11_1.fq.gz,EPI_ISL_13052332,2391998476,28608231,Mar 10 14:26,438C16BE33543951B004BA37955A1F9DA55ADE427D1D89CC18051A9C0FCE9C688AEB02DF5211D3B36E9E8291329AB5CF1A1EBF440712D7143374801656C4D72C
V300046953_L02_11_2.fq.gz,EPI_ISL_13052332,2514073868,28608231,Mar 10 14:27,F509A96BEC08CDDFE97205EEECF081AA9C947DF729562D1DC9C630021A76BD701EC1487BDFE406E61397E77DC2902D14F650F5B40D9BE0481D9EFE5A275F1B6F
V300046953_L02_12_1.fq.gz,EPI_ISL_13052333,2050007123,24285837,Mar 10 14:30,D7EB2555ED7D0045A0A5080BA271630F6BF6465573D7AF9EE5ED8BFA20B739E41A7AF1C0D8C2441DAF9FA61519EB3678782A9CE3CC08C41D78CB53C2140941A5
V300046953_L02_12_2.fq.gz,EPI_ISL_13052333,2171920956,24285837,Mar 10 14:30,2BBF48E1358B2C29208FAD32FDB6371C9D5DB667A6A2921EE9042FF8CCCA2871EEAB788130C8D59328EA0E3B05FB68AC69AC93935122D0EE68FF789FFF8D11E3
V300046953_L02_1_1.fq.gz,EPI_ISL_13052339,3451509387,40466218,Mar 10 15:28,F98937C43D4AB569C796968489AFEBFE4E04CFE28C96ED6F41FEF5DD86AD8166BD60EFE2240BE755F3DB786D8B36295258654E71FA7BE5E2F97BA82D0F623F0A
V300046953_L02_1_2.fq.gz,EPI_ISL_13052339,3536997671,40466218,Mar 10 15:26,A1D271229CE0AE9E4827335133C0637D778B661CC2F042A45EDB742875767B05EF0397B68497649A50B471BA5B5AE9217458AC86EE1F3E76AA6D50238122E419
V300046953_L02_30_1.fq.gz,EPI_ISL_13052342,2650853792,31830797,Mar 10 15:53,4A2ACE4A055815DFE480B6384B762C767D5AF5A944E433E4FBA9D5D1D0624E93B17AEEE57D6042262546F042394C089484B1943F7FC400D41B12E085E9F8F6BC
V300046953_L02_30_2.fq.gz,EPI_ISL_13052342,2879656550,31830797,Mar 10 15:52,9F89D1C78D6CE12BF74A22BBBE0370E9276AE9360048A6C1A74E0E9D006EB8108ADB178E8CF8C3853558C7F62A026C99260A82C726A7CCEF1891DF6B243E2CDE
V300046953_L02_32_1.fq.gz,EPI_ISL_13052337,2376480537,28192638,Mar 10 15:09,5B558DD95BFFA439BD8799AA372991B63502855976B92AA3C23A35321E548AF4FC9AF900D7D0D95A9580F130FD75F11694C2AEBFE71A2F9163DFFDB8CEC25399
V300046953_L02_32_2.fq.gz,EPI_ISL_13052337,2466313643,28192638,Mar 10 15:05,1F62DA55EC8AE73AF68EC06C878CF3AE2E355194734458A02AF3724DE47C5A526A5EAE502698C676D8FF6691723972E24C2C0CD3366636A49339BE9585D9CD49
V300046953_L02_33_1.fq.gz,EPI_ISL_13052340,2886561474,33725808,Mar 10 15:35,2E1B62BA6CAE13709F5DE7B2F799334B6EFF2E5575C7ABA191977DDA917615D855CF1F0ACA97D52D23C9F8C5DEFE29B79C09C3D6BEB9647ADE6A752928C6FC0C
V300046953_L02_33_2.fq.gz,EPI_ISL_13052340,2925710305,33725808,Mar 10 15:40,83A94FDB44544878F0AE9F47A67BE93BFBC7F6EC11F7C0E1A87F13918944C14D4D35F4E440C8FB9B05C39AB53B3F4E44548ECBA21B9625164E3AE5815C692662
V300046953_L02_4_1.fq.gz,EPI_ISL_13052334,2748365411,32330575,Mar 10 14:36,7072599453B886DA9C7BEE06277830824C850844E75B881D89229D2D89F5EF1391F2DE0D406957671A28656BD30E0F57B932E78E18B4DCF018916D6E16393E6E
V300046953_L02_4_2.fq.gz,EPI_ISL_13052334,2871387133,32330575,Mar 10 14:39,D3CEF903FEDDAF1FA39FF0CA1801FE1ECFFDA4DB8B45A03BE00FFD7E6A7D95E60E301ECA8A3D8F64779ED271C1F74025219266C53CE64BA669788485B81931C4
V300046953_L02_5_1.fq.gz,EPI_ISL_13052322,1586028736,18653173,Mar 10 12:25,875112530C1C5A6B70086EA112A4A4E2D001F4C1AEA56B13A4FF8F77067491C097ED9926831FFE784D5619D6087F00B644581E223B8F4FE226C24EE4765B05CA
V300046953_L02_5_2.fq.gz,EPI_ISL_13052322,1683275061,18653173,Mar 10 12:24,66D956E0EB92E67C4BBDE8269298DFA3672190CD288F504CDA65C13619204C21334BEFA857EA531C9C3833A2E2EAE21DFF4621E5222C6E0AE161BB11C3F5C0CE
V300046953_L02_6_1.fq.gz,EPI_ISL_13052335,3897226764,46198641,Mar 10 14:46,570C10A158D1EE8686B43226A583CBB10A75AC73D45F48A04F02C9BC56CC955ADD4C9A08940C39D56985CF26022B627CD37A676536978CD79C4A6F73D47B3AB6
V300046953_L02_6_2.fq.gz,EPI_ISL_13052335,3991355700,46198641,Mar 10 14:50,C89CD1C213A241984408221575E41F1683719AB37F1BAAC5A7A1D44D1A3ADEB7C7BD1D82822EDFE07E0C1E28344D45E5D07418F1650015CECB59DECCB037265B
V300046953_L02_7_1.fq.gz,EPI_ISL_13052323,2323297559,27729167,Mar 10 12:53,47149F78293B1D8E3DF180932608209EDD3807B2A3FA89E80B5BDB4F99C0F708169292AB13F31F40C06588428B7E31B7258CB2782BEBEB10C091E77AEF9A194F
V300046953_L02_7_2.fq.gz,EPI_ISL_13052323,2411298960,27729167,Mar 10 12:52,66D6FF9C2220DA2396F529999BE945FF50762B925217E50655771FE1CA13ADC6F3F40A1DB79D61E95A62E7EC9937C65DD629BDBA9CE52C455A380A52DF0F1627
V300046953_L02_8_1.fq.gz,EPI_ISL_13052324,1108807412,15129093,Mar 10 13:02,0E1B7CB74C44D690D950BE9255B75315D19E1A0FA650DA432E7123BCBF170366CA5520A49856DFFD28EAEE11386B345E75FA9A7140B93CE03A687B077F57D76E
V300046953_L02_8_2.fq.gz,EPI_ISL_13052324,1193313971,15129093,Mar 10 13:01,6CE11F464A57554CE2263F89075F7F3645A7479F7674704FD5AA604E430626C9BBB2DEB09E8EE9599D3EC7908FC902768E621110A5070C87B8D5C824D894C200
V300046953_L03_10_1.fq.gz,EPI_ISL_13052344,3792522693,46214651,Mar 10 16:06,085A1BC4DE4F6735AFCD69452355780A853C7CF332C29F1F3F8223EB98EAC89CC5A6022818FBFC59163583BA3EC8DCC90FFD32E2E42C6978558279E884747ED7
V300046953_L03_10_2.fq.gz,EPI_ISL_13052344,3761157597,46214651,Mar 10 16:07,9CFE8E852643E5801222AA017A28B52038EC252D8013EAB2D110FF375BD52247296B12D033CDC517CC3F221A2265BF8FC2EBFEC5C9879AEC9737B3E8F520CDAC
V300046953_L03_11_1.fq.gz,EPI_ISL_13052332,2373256164,28493317,Mar 10 14:27,316BBC810049D3C36479EA74BD6C732F78651BC37B0021BBCFBDFB02EF713B1B6D2746D84D9AE60375EF669B738DCAF9080A35C58F0C9C489094B30AAF3B8EC4
V300046953_L03_11_2.fq.gz,EPI_ISL_13052332,2423254146,28493317,Mar 10 14:24,6530E9AB61771673CB3C4A94A823227CF0F95B326CB280A313D1B7FCDD062E46C61EC9EA64585E913CA190BE2D2A02964D7EA05DD9709A6F01601AC47B95C84C
V300046953_L03_12_1.fq.gz,EPI_ISL_13052333,2117267248,25162476,Mar 10 14:32,EDA765EADE94E036D3E4FD50961E0A93A07F6ABD4A766975F0905711C89D0F8721F3C31AE991343237ACBF9776C4A2644F55DEEBC49384C77A18DF886C282E6F
V300046953_L03_12_2.fq.gz,EPI_ISL_13052333,2160982851,25162476,Mar 10 14:33,7F2C3C49CF8D37937B5BD44E11CCDE10A94AD173717213FDB8D20660542E1CA6121EA7AC13C48EB3BA033255952C59EF9FE4CFC147DC4DC342E7FD501370E361
V300046953_L03_1_1.fq.gz,EPI_ISL_13052339,3497919083,41123213,Mar 10 15:26,06EDFB1AAE5247473571E119D76AC1530350DDE2D0FB0B48AF69F71A5AEDF49FBA10537B3FC84EAE8B5F6D04CE6D0AA95717ED97C2A40B34B317E3A5D09EE809
V300046953_L03_1_2.fq.gz,EPI_ISL_13052339,3471302285,41123213,Mar 10 15:24,FF663E1C38E40865FF4D9EB3EC1DEB425D8DE6DE48F119EA6C069CAC71ADAB4A352CAD301A45A88E06212C93C69FF6A099679922D2750ABEF060E0FA2BD9DD70
V300046953_L03_30_1.fq.gz,EPI_ISL_13052342,2690899442,32400160,Mar 10 15:54,C7B7B1CA97A1CB214BCDD4843EABA4ABE00DD9EEE94D89EA182BFD32097760474ECF0D76F8B4A5B706B56C27A6F0A60A86134091126B507FC09BDF35CABABD58
V300046953_L03_30_2.fq.gz,EPI_ISL_13052342,2787242233,32400160,Mar 10 15:54,2FA3BE337761EE53FF50BD3FFEAFF1F3A9B21BFD9F55B85476C0064DA5F28F68D189C51560CBD7ED4263E93D071FCC3E1909A613925DA7E2AF9982A142ED1BFC
V300046953_L03_32_1.fq.gz,EPI_ISL_13052337,2377618745,28296479,Mar 10 15:06,4697F5779F5D119973D123C13CEF05F7A5B4FE01FA12FF132235B71B6856F9B0446FAF01D8F5F395640AFD5E2D21BB2B4472B1BCFA7D9FF5B0A63C7949E3BB1C
V300046953_L03_32_2.fq.gz,EPI_ISL_13052337,2382438551,28296479,Mar 10 15:08,703847917E43ACA4F509FFC2673323CCCD194AC978628093A7E140BE2272927A7CCAD73A5B49E94B6E803E14DBAE8501A2D791D86C04850B6F1118FBA7583307
V300046953_L03_33_1.fq.gz,EPI_ISL_13052340,2899466715,33980219,Mar 10 15:39,8F6CE5003D20D78EB339ECF16AF316693979F8C81588B90B312237268FB478F9ABF5A30E4696369AED6B9E0B065F628DCB9713F5B9A4BA0766E13C059464DFDB
V300046953_L03_33_2.fq.gz,EPI_ISL_13052340,2850199499,33980219,Mar 10 15:36,C96BE7A531B143DFC447AC4724BA110765AEF6F24C515391FDBA7E17769876FF3B21CBF385C9C66A633C50579896119927D89D5A159CE934D598CBBD0D54E172
V300046953_L03_4_1.fq.gz,EPI_ISL_13052334,2798500876,32981638,Mar 10 14:39,CF8F2CDE17858389B5AC31DA27D9A89BD89EB9853304DEC1DD78EAE134BB95D4F786D939101F7F5B1DFBC7A01F6ABDFF2773B5CD0007D5072696B9A03D95636D
V300046953_L03_4_2.fq.gz,EPI_ISL_13052334,2811237004,32981638,Mar 10 14:40,05C3199682341D03C6D098BD854B81A1E59FE01117FA1581175343F674B50407DF92D538B9D6BEA3D05E079605F3FAA0A9BE7AC3369F1ADA42A0A57BF85CD0D8
V300046953_L03_5_1.fq.gz,EPI_ISL_13052322,1603046890,18925712,Mar 10 12:23,AD5FD8C95E022AC6A1C43610389F82DFD20C8BE4FE7399A846F7A9E8B9B8DD7D8640D81007CC909569CE56332C492E7943341C6CBCAB06D4E669CC9251E4E5FD
V300046953_L03_5_2.fq.gz,EPI_ISL_13052322,1638202390,18925712,Mar 10 12:25,C25BB9AE7F70A75CF03A6EAC798DE9BBC8B929901E6EA01E3C40AB7EBD0B14D1531F4074A5B95DDE03B5BC443E00F08628014E511431EF098AD9DDEF344EB2AE
V300046953_L03_6_1.fq.gz,EPI_ISL_13052335,3831497657,45580436,Mar 10 14:48,255AF492B0A88A326B3D7B1C48CD5E910ADFBFF44DA8C3A77336A0FA8CDF7D7B3779C4815BB284680EB3B7B0D3726E5318A8CEEAF2C8532D126CD6A15225D3E2
V300046953_L03_6_2.fq.gz,EPI_ISL_13052335,3783166755,45580436,Mar 10 14:53,A2B215ECF1C449C1F08846578C8AB69A0127F88450632DBFCCA36DA6E34E7A974A98129BB813B04B950CC8369DB99EA63B457D3616748690180D8AF1C5FA0B29
V300046953_L03_7_1.fq.gz,EPI_ISL_13052323,2365427555,28304068,Mar 10 12:53,1F759D2034AC984FE99480D69A0ABD7FFFC906D585AB642558039E392548F3C289653E37F608D6099D50CC952018DBD0D43DBD062F38BE9A20E823C9A72B338F
V300046953_L03_7_2.fq.gz,EPI_ISL_13052323,2337936615,28304068,Mar 10 12:54,5E8671D7B04559438BFC489D1C4F760A74AE3EFBF30CACD3F271D392FF9B463FEA97C6B669791DB82E75E268AD7A2BD4E27E67CE1796FC900A83E561E1971722
V300046953_L03_8_1.fq.gz,EPI_ISL_13052324,1130613857,15547705,Mar 10 13:01,FACD75F9BB6B943A472946906A1E768B5849596B8FFD6BEDF197725B3F64FA18D43CBC96D62E31E8210876850B98F3BA2454246A405642312DFFEC4D0516D99A
V300046953_L03_8_2.fq.gz,EPI_ISL_13052324,1185514014,15547705,Mar 10 13:02,685B2D2FE699A54630957B0451A8FECB64C2E87B6D6DC8BF6B213503B7E9773DD5CA56E43E58638E0C45D221E91B163796034C70251FFD2A7D869C30BF081C7E
V300046953_L04_10_1.fq.gz,EPI_ISL_13052344,3864155784,47188364,Mar 10 16:08,975DA5F05F44DAD9908B093F50AE99D990D58ABA9792E45F708F841CBA1AC089EFCC9388B380DC26655AD1CB954F0B893001B7395EC589D4678CBD3E7C5150C4
V300046953_L04_10_2.fq.gz,EPI_ISL_13052344,3824599223,47188364,Mar 10 16:07,28CACD0D6405F724449F7C08EC3C4C8BBA2C41C01D07A57AB43B0C9CF6E304CE22FEFC3D9C41C894718A3AFA1A32AD184E281DC06B7CC6D7667B6B27E512E332
V300046953_L04_11_1.fq.gz,EPI_ISL_13052332,2541967950,30706608,Mar 10 14:26,3848D1847337C444BF51F6F2C6330F4E1AA16BC8C30DE362056D3C5470AB539E115F6617B7574CFF48EE0E82E0EB7C367403AD9972ACDAFAF88E7739C35D6226
V300046953_L04_11_2.fq.gz,EPI_ISL_13052332,2590740906,30706608,Mar 10 14:25,68A931152752E6DEBBC49A9E9B87E57C83F80A762195B8DD2A30EED319090072A27903FCEB6F79A543C223E4F5AEE0B8B2BDEB9B0A640CE7B7DA2AEB097579A1
V300046953_L04_12_1.fq.gz,EPI_ISL_13052333,2106407862,25054211,Mar 10 14:31,41C486956BEF5E21CD72600AF46DCA572A6D57A22502BDF1C9B5D33DEE3A752D165FBE4F5A6801A64D78732EBC177F690288A9AA7290DFC106E217F01C39E7A3
V300046953_L04_12_2.fq.gz,EPI_ISL_13052333,2140235006,25054211,Mar 10 14:31,6578B2F3D76A7F4051A779F5C254D30AE3A22FD939C9B765EB094FD63A0D9173F8A6142A4881502D1315DC5F530840A405283E8EAC419FE6F212B8F7564716CA
V300046953_L04_1_1.fq.gz,EPI_ISL_13052339,3430666919,40380557,Mar 10 15:30,52682CEE1883F711E04DD79F186962812CD789F3FC90849FE1BFEF79740FBC30121FB54EE4708DAB9E4841C8FE59DF18E73AF0C10232859C582811B7A648EC48
V300046953_L04_1_2.fq.gz,EPI_ISL_13052339,3396275809,40380557,Mar 10 15:27,93D09B1735F0971C7DB1018C5B192983C60A264E9723BF6801DF4872AA641EA2D09998E159BEE33C4BCDAB34B2722AAD4C999E6346DD842207D8466ADD7FDC76
V300046953_L04_30_1.fq.gz,EPI_ISL_13052342,2736406607,32974485,Mar 10 15:53,85C87323F4AA4863F3A68DF4F61539E8AACBEB85D4A8AE6A7D2F7AFFA8CB264AB3B5E7B80519398AD7E5A07496974E5F1364F1560C386C1093E839E4EEABC5FF
V300046953_L04_30_2.fq.gz,EPI_ISL_13052342,2822732043,32974485,Mar 10 15:52,A76345DDF53EC98A0CFB0FFDBE8CD10A93B7DA0F1CEAFA24A17067E14EAC1DEB824C6ECC41967281AD9057ABBF91DACADB84E946EB955C2B592FB28F7EBD4247
V300046953_L04_32_1.fq.gz,EPI_ISL_13052337,2476795399,29538469,Mar 10 15:09,9DFD2EAA096BD628C530FBB4EDAA522091BC5C5FAEF8E7A00E6F1093A856DA26B8EE829D90D1CD63B7B757A06BB66412EA84219EAEA87FA2F93AD8047FE4BB95
V300046953_L04_32_2.fq.gz,EPI_ISL_13052337,2475581809,29538469,Mar 10 15:04,613F4B89AEA3F8A6FD9B3F79982EFE3E96A9EEB8D9CBB4319AA5361528E8AEF0D4F6483F72A885C8582652451F8419AEEA338DC7313B32C3D79D90D6C01B8599
V300046953_L04_33_1.fq.gz,EPI_ISL_13052340,2913675297,34210521,Mar 10 15:36,45E2643005779BE45A55602D38CA09C6A2BCFE09865ADE2FC0DB116968193CB8F92C131787940D950B2918B657FA1EE2F4AFCC5C1B30372488C39F757C1C5753
V300046953_L04_33_2.fq.gz,EPI_ISL_13052340,2859388857,34210521,Mar 10 15:40,8A7F88E21F4B1E5F778BF9EE85D88154CA4276A7664E8B0F97D48A2B24F331529D40B2104FE1E97C575E318F4E3EA1157B993B7C054BA5396D7F2A83FA48D4B4
V300046953_L04_4_1.fq.gz,EPI_ISL_13052334,2819034790,33260629,Mar 10 14:37,C86A81A5E3F02A163130E08A9F55CCD03E6662DD42907D8F5624082F8EE58D832D0957E57FE4E0C1F1E67E26989A2D0A016E1521231C428B9FB151AB7686AB23
V300046953_L04_4_2.fq.gz,EPI_ISL_13052334,2822424548,33260629,Mar 10 14:40,1878A64F1FE35B814EE06A1A57990131DCD23FFAD0292F7F54BC39BE6381D790607E3691223E9A6755B395E725698ECAD8726A6805D26E306D43754F7040E133
V300046953_L04_5_1.fq.gz,EPI_ISL_13052322,1628189959,19270448,Mar 10 12:24,2B5B5F49EFA328D67AA77D37FACB20D8CEA5D5F0D2314C7DE803107FD5D817B40660874D573A9C5C52A36669D8B41DBE918C4886C8E2198315997DA0596F2C92
V300046953_L04_5_2.fq.gz,EPI_ISL_13052322,1659484659,19270448,Mar 10 12:26,5F14038FA3BA87006171C7A91CB9046E3621FED1858EAFB00AE94EF9CE46D6B48FC5AF39E9DBDB18886272C411FE4410528DF1DE8F9A4CC531EA406131C00BA2
V300046953_L04_6_1.fq.gz,EPI_ISL_13052335,4048456009,48253078,Mar 10 14:52,B1D1903CC9ADA50F4D6B86A76168DB7EFD20EDF9B5D097CD88C25F2F54B6760369B3A43103D5DDADF66FF3EA0DAEB00F7E3A74D8AA822DC022E6DDEFF29178D9
V300046953_L04_6_2.fq.gz,EPI_ISL_13052335,3990729624,48253078,Mar 10 14:54,7440015B4E408A7D31DB2B6453618EA289F70B3E12BE4766E2B89131BA6C7F912A469D954091130D94E4E64203EB5B03D7F4795B619B76F2F909A35A9E760959
V300046953_L04_7_1.fq.gz,EPI_ISL_13052323,2320351395,27827511,Mar 10 12:54,762E7C4D68D50F58CB439A19FBCFCDD400D384CD1794849EF935E5B87B000DCB5AA94A1F87889C13B030591D1DEAA4571BF64E59F155C1B8D6BFBCE3F0537305
V300046953_L04_7_2.fq.gz,EPI_ISL_13052323,2291813954,27827511,Mar 10 12:54,5BDA38413C1B29AC9332FDD15DEFA355E469959E732896B1BF80C96D9D458B65E757ED4FD82A103FB717E3FEC644A7BADC173E7CAF94B6E8E0F0DB45D2D56951
V300046953_L04_8_1.fq.gz,EPI_ISL_13052324,1152210424,15922431,Mar 10 13:01,21C9EB6620039E677E0251E3050816B15A6207FB2A0FCB8E3C201473FC4727B00178A5982210DDB4595329175770185DB17C68E754D4AA22CE1AA5A24FEE971E
V300046953_L04_8_2.fq.gz,EPI_ISL_13052324,1212483750,15922431,Mar 10 13:02,24E49802D8D456160EBFE89ECF72F6384F6A84D61549636529839C01AAE670B59EDDD87A83708DA6C181B042A21BBC159BE56335EE337F99E62461FB4E531566
V300052234_L01_10_1.fq.gz,EPI_ISL_13052341,2470117666,29428367,Mar 10 15:46,8225C89BC1001A80709475FB9A26BEF645F4FA99979A6B4D1890CEE0B1D6DC302C33217C8F9CA8A578B2BDA489729C767FDC0C72532FCA83E28914BF649604BF
V300052234_L01_10_2.fq.gz,EPI_ISL_13052341,2446818314,29428367,Mar 10 15:44,B2F498450CDB70567021CDF35F73B3EB4B3DAB0B0D4FBE5A0682BCC6C8B55ADA2EDE0C465148B4C97C0B81D1B4B1D2278A04E6EC59689FE1696367F5574E0F89
V300052234_L01_11_1.fq.gz,EPI_ISL_13052329,2686663989,32059780,Mar 10 13:58,D0C56E4E958666FAE408DB940C9A09E5CF0AB8859574BFBB72C078504593360F4CDE1E5F024B7F81078675046FA521F577571C48BAFA25F44008C16B0E301D8E
V300052234_L01_11_2.fq.gz,EPI_ISL_13052329,2665366603,32059780,Mar 10 13:58,C5692ECB24E9BE42F86B1CBC49EEBA21A40364BBD466A77DC71B5E761B8B0A31A1EB79039D6954D70108783790C319111A9CBF2B13E7C2DD75E57451A00A7766
V300052234_L01_12_1.fq.gz,EPI_ISL_13052328,1922908266,22732659,Mar 10 13:54,D663324B5F7189C42E3A6A6E9424DEF38B0784505B436A45070FE0CC037A49E75AEF78B40837185094F54E9BA67DE9996DA47F4C02E8972ED6B376A08838EC08
V300052234_L01_12_2.fq.gz,EPI_ISL_13052328,1897855342,22732659,Mar 10 13:55,E92877F633F80F6FB9BECF204A08B7A0B6888CA8088BBB5CB0FB8B1165020C25D2631CD3051BF89979AAA4425A007915C1B648C439A47E72A6FA034E62A4E95B
V300052234_L01_1_1.fq.gz,EPI_ISL_13052338,2020559515,24221058,Mar 10 15:13,F48469330CB62EDD900FA60B457FCB78229D9837A0BDECBF96040C054BE78E22963D2F4EEAED59460E31BC8FBD049AF75D0AEEDAE82CDEEA63DFF8CFEAC201C9
V300052234_L01_1_2.fq.gz,EPI_ISL_13052338,2021347360,24221058,Mar 10 15:15,ADDE330076C005314BE725AC1D584C2E6FE7E1DAC086B7D932993BB492BD71586C3F246D72F1036401C57D034261BED31D919B511000FBD50BF8D4D8B5EAE80B
V300052234_L01_22_1.fq.gz,EPI_ISL_13052343,1805336349,23495314,Mar 10 15:57,936BA85B9911D62C89C962E07878CF9E2B3072039622D841C980DDCFFF16EBD9E295D3F9CA3DA7EAD5BA31C74F30811107706C8DFDEE4113300BFF7096E40667
V300052234_L01_22_2.fq.gz,EPI_ISL_13052343,1633542313,23495314,Mar 10 15:57,7581C32168D28C5329A7D8F162A4396C706D8EA430B94E3805ED2933181E33E0AAF03C4AE4EFF7472C4E1E981A858E2BDB7F7060FA96F92D4F176938C07CE3C5
V300052234_L01_25_1.fq.gz,EPI_ISL_13052346,4202972641,50599624,Mar 10 16:18,65545FAC07AA4C886EB0BBB86EEF58CE14D5E14CD6E68C9538D668ED66E5FCFCFA66F6D3E57D7B31362858D915DE41E9FD398CFC23369C92438A164AEC91941E
V300052234_L01_25_2.fq.gz,EPI_ISL_13052346,4087004054,50599624,Mar 10 16:19,36F741614893FB4757CBEBDD2D700009182BD75EDE2AEC5A442B78D067CE1E15F3306563CB9E39039F58434EC3130A0B234BB5CCCA33600363D55FB070CE212A
V300052234_L01_2_1.fq.gz,EPI_ISL_13052336,2228173339,26648648,Mar 10 15:02,863E3ADF6158E19D1B960574E4E47EA2BB98F5938DF949759AB2A86E06C4943DAFF23346AB1B3956F5D567276A5E318AECEEBE8D61BCD4A345AF6F466F96A3BF
V300052234_L01_2_2.fq.gz,EPI_ISL_13052336,2194705079,26648648,Mar 10 14:57,E44DBC5B646964B07A449B941245627B8ACF157D3294925343459717A1678D3B14BC634BD1C4291A873A2744DD1BDF7DC776220869DDC267952C491DC20D302F
V300052234_L01_3_1.fq.gz,EPI_ISL_13052345,1645585210,19808650,Mar 10 16:13,176CBCBEA2850CDB901789517F9B8F8BB5E0513FF71E6FC8D6413F878DBB86FB7332E021D7A3D204254BD67EC13D2C470A7EB100166D10F15298342B7DB495CB
V300052234_L01_3_2.fq.gz,EPI_ISL_13052345,1610068300,19808650,Mar 10 16:12,E248F19D8E09D68F45C00BE5BFDEE64729D4172B65BA9D8525643B67A2BDA5B3D2163438B535872157D7B5EA5201703846D67CE6888C87AFD0C2392F42CB7373
V300052234_L01_4_1.fq.gz,EPI_ISL_13052330,4798237471,56505684,Mar 10 14:11,1DF54CB9AB54876440479CBF2D630C1F5759581223C6A48489E44B2BA21EB729F15C3EC7B19A8A6CD95DDD8135232F88BC47074BFA708892DAA3A698CE840335
V300052234_L01_4_2.fq.gz,EPI_ISL_13052330,4653513838,56505684,Mar 10 14:11,E06BACF69B11A29A0E3F047F8ECF5D14A6817CDC43DAF619273992DE00BC29D7AAF23B815EC0DAE973FBA0E2E157D06BD5AD110D97C09666BA7A60BA233EA6CE
V300052234_L01_5_1.fq.gz,EPI_ISL_13052327,1573040412,18889722,Mar 10 13:50,1D96758AF021FF36229560D1BF2725126A196ABDE294758D55A620D52120CB7F0C79108FB191C36A82474EB2205222CED9324A5911642B12421F96481D9B4698
V300052234_L01_5_2.fq.gz,EPI_ISL_13052327,1552825285,18889722,Mar 10 13:50,8D7C976258728CBA0DDB0F19D81E62621F23ACD2321F3B576DF77B26D933E56C213EA606B296D80FA774285A17265983C665DEBFD65E843B919E253D8396C4EB
V300052234_L01_6_1.fq.gz,EPI_ISL_13052325,3348647967,39172692,Mar 10 13:28,4F38EB5E4DC498B9DA2ADDBE60224789E2C9B67ACE3F1583DCE31C6FB8C5D1E74283FAA86DD88E8904B7308A77ECE9134F670327CE7CF7AC0F50E3C383D1C8D5
V300052234_L01_6_2.fq.gz,EPI_ISL_13052325,3239288590,39172692,Mar 10 13:28,5DC595F97295D6232DAE41B74AFDD4A06D99748EC566BD77FCC734ABFDAA0C87EBA95D1D00445B10A53AFC50CEA77E0F7264E677CEA9637DEDE12991B13AEAC0
V300052234_L01_7_1.fq,EPI_ISL_13052326,6879467315,29274329,Mar 10 13:46,9890929C95A7933108578C500F441AA7F79B94E0257305617EE40FD091B4CF84714CA8CAB5EA67326691A1FBEAB0B5F2DDF539D3C3A856B5DDB678303913E65C
V300052234_L01_7_1.fq.gz,EPI_ISL_13052326,2458355295,29274329,Mar 10 13:40,1F43FB53ACA13F585AC7BF15CE2C298605F9F859545085C6BFEFDD67C3A8CCD1E64789F4F71D7ADE913728C80335DC0970660237D9D9E85D85D8516EAC28079F
V300052234_L01_7_2.fq.gz,EPI_ISL_13052326,2370009571,29274329,Mar 10 13:41,48EB123EC37E2544FCEA46B47758DF82582AB544D8A4E27F2CBFECCB4C81DC2C1F92DC5A2457D36D3B4A0849F315D4F100DBAADA5167CCB85D508F3CB36A1378
V300052234_L01_8_1.fq.gz,EPI_ISL_13052331,2419591246,28806602,Mar 10 14:19,4104EC41979E90603D4667EB990D162FF6BBE7E7C1BFA6616D844133EFB39998E3E048C5A194334F13F297D0CDF70F8CF9CB0083024B2F3C7B7DFEFD0219BF4A
V300052234_L01_8_2.fq.gz,EPI_ISL_13052331,2363085949,28806602,Mar 10 14:18,77406DF469EA2533E876964C2A7F6DDA892EB418E6743B7E585B745590D9A6887913BDCD41C38B9BB40AF9A8A459DE39104DD9409FEB7EAAA1905C468D039D0F
V300052234_L02_10_1.fq.gz,EPI_ISL_13052341,2472550455,29550185,Mar 10 15:48,7331131D520E50CFEFBB6049336CA68D0D5DD4E13F770FBAA9F99A1C992DCB0E2128F2CDF5DC859BC396D1B3CC2EC8DEE498BF9B97BFD2403EB9AC38956E86E6
V300052234_L02_10_2.fq.gz,EPI_ISL_13052341,2447342546,29550185,Mar 10 15:47,8AD39BBE62F19A5B81E30AA03798958702B03BA14F384DEF34076C3340FCB8FCA16B3462BBE1F3F8AF9A7B101EC654CF87729AED5A747C0455DFB9332C3C4CAA
V300052234_L02_11_1.fq.gz,EPI_ISL_13052329,2615549066,31296622,Mar 10 13:58,26A26E43B682C07E21760527C2429B19EF7AB1ABF5618822F949A2A667717DE7C37FA8BEE39D416B5FEA5440481A1589684B0EE6EF29E43F178430123D8D0B51
V300052234_L02_11_2.fq.gz,EPI_ISL_13052329,2593025353,31296622,Mar 10 13:58,C17CBA6C86713552D9D55AB8AB70BECD0603CBC8850DA5564EE92BAEE05122A0FAEC1E830BAD42533892B5DC61DA37937EBBBCEDAC106CE7CE4E5AD465BAE354
V300052234_L02_12_1.fq.gz,EPI_ISL_13052328,1932714004,22923344,Mar 10 13:53,942585A7AE551BD197CCD1BCDC40D9CB5C7C1C790B4163E0BD22844D7EFC2CDC62335138D6BCCC68FBF205E3288C97EE96A6695F4FA5EEFA49B14CA163EDB051
V300052234_L02_12_2.fq.gz,EPI_ISL_13052328,1905411137,22923344,Mar 10 13:54,45CB2B26F36D46E5BC45F5E06C8FBAA5BFD7C4883237B1D51F83899B85A382829E1CE40D6DB18F6944AD670ED8986AF68CA0CB3CE430863658A437E5B860D8C4
V300052234_L02_1_1.fq.gz,EPI_ISL_13052338,2049215449,24660927,Mar 10 15:14,887750A5BA1F9F0B779BEEFED452D362107BE15585BD7D10B73344F5DFB71D37F06A25DE2BE9FA12B1FEDA6974B9883340E2FAB12EA606957A26113729FD59D6
V300052234_L02_1_2.fq.gz,EPI_ISL_13052338,2049674608,24660927,Mar 10 15:16,5D9EF69F56255E4A0DE73EAA27ABCCE50CA009A2EE8EA7DAAC596819559ED379EF8646294D229CD945247E037D04C783D8465225B57B42F96FFF2E8AA2235EEC
V300052234_L02_22_1.fq.gz,EPI_ISL_13052343,1745298862,22771690,Mar 10 15:57,361215A118FB2C795C61AC04257C8D35B461A9DDA0079788E7D5B41C47804C2E4E9E1AF71141EC54BC73192DFDECD6F0DD9BA225F8137085220D1E0B7117CEB1
V300052234_L02_22_2.fq.gz,EPI_ISL_13052343,1581845239,22771690,Mar 10 15:58,CED11EEC343F5349C35512C560688024FC2E43100BBB200D1AD8509447FFC7AA48BA38B5390121B49DDB102D3FA6DB4412595A7C88C9BCC03C0702D4DE75BB7A
V300052234_L02_25_1.fq.gz,EPI_ISL_13052346,4229044847,51092178,Mar 10 16:22,D820643578609E8C2FA4B0F433E9D58CE15D44C56A0A8FE80CF331414306FE98F996FADB148D763012BC9CA349734B76CD336545C4A6588A0B5EF4F825831B49
V300052234_L02_25_2.fq.gz,EPI_ISL_13052346,4111572466,51092178,Mar 10 16:21,114CF007C758F261ED40A92179FF4499BD151157B9E53BDE691CA1F7868B38313410892E3D9FA421B6D893DD1444DFA3152F1A592F7D74429176C4F16C3F5D23
V300052234_L02_2_1.fq.gz,EPI_ISL_13052336,2235217973,26798303,Mar 10 14:58,BF1A69241D96956EB4D3C44D5AFD714C5D1BD0C5D37ED3C2764B1EC28F42DF15DD2112B5114B748F91F239E08105D4BA6C632356A4F63C3E09A2B0090ADEE51D
V300052234_L02_2_2.fq.gz,EPI_ISL_13052336,2201117202,26798303,Mar 10 15:01,F7E4B3753DF46F1C03A8660B6855E54601EF30FB7CF90CBD9E471E020ABB0E5231D616F86D405F3620DDEED4EDAB4881DF4A0661FBF8E47269B65FF5571E1468
V300052234_L02_3_1.fq.gz,EPI_ISL_13052345,1643478212,19837988,Mar 10 16:12,FABD05E460CBCC21A43DEEAC3D5D6EB8E107DBC66D2C2D3770F2F946964176D86CC218A583753BA559CCC5163F77DCA46E5ABF3FDD63E454903F1E9065DE2F5E
V300052234_L02_3_2.fq.gz,EPI_ISL_13052345,1607826752,19837988,Mar 10 16:11,0984A2F5649E66A74799E8BCD5A8F2D1DF47EA7B9A7CA1A189375BD9D7ADA5CC92B5ECBDE66B35AD65FF198C2E43F6E7D2AE4F99AAB3E94B729C86F8E7136959
V300052234_L02_4_1.fq.gz,EPI_ISL_13052330,4858039824,57369666,Mar 10 14:12,CD099E846307DD0902F3B4B1923CF55D258C644AC8BEB4FC9328698A21CE7438A1A4A639C609F4F3EB9E1AE5ECCBAA60DCDCB19A8304F69DBDA8BFDDF62DC526
V300052234_L02_4_2.fq.gz,EPI_ISL_13052330,4704613352,57369666,Mar 10 14:10,48776E11915320155D449B116DE344C26C58282231101DDE51BDC0264901C3BACE0A6AB88AF1495E90A0EFC29A07F0EE3B4E23060ECC0B2D076FFA8A99D79D50
V300052234_L02_5_1.fq.gz,EPI_ISL_13052327,1565797429,18856973,Mar 10 13:50,AC85A0919F8D46DB0D17ABBD431CB97FE26DFBE5DAD3D46B00961C89FCECC3EAF38F9E27188AD9723954EBDA56EEA7C5EF68C053E753A83DBDDADC2AAB190C1A
V300052234_L02_5_2.fq.gz,EPI_ISL_13052327,1544895445,18856973,Mar 10 13:49,A14425239E9253BA6FBAE684CFEE0D2EDFE616CDFA5054F3ADF098C6C25E80F868414E6030E8B3A4E5CA79992D0C361BDFE121BD42622940377450C62320D49F
V300052234_L02_6_1.fq.gz,EPI_ISL_13052325,3292978041,38600262,Mar 10 13:29,D0F2994CBFE882D585C609AA29F2C7F2A5134EAA72B390F920324EE1C8F5C18F84905F9F5FCD5D14D4BB96263AE238ED8AEDF4228BDEB1B2505320319D63A974
V300052234_L02_6_2.fq.gz,EPI_ISL_13052325,3181776982,38600262,Mar 10 13:31,7D7B6AB716B13F8593C4025577CB71C7952691A03FBFF3DB9DE69E4147AEE4DAD5A30BFA1FA87455A78B4BD48CD31625855D1274A2A7CC284DCB8BC74F79BD2E
V300052234_L02_7_1.fq.gz,EPI_ISL_13052326,2483489814,29660791,Mar 10 13:43,9FD82D45C45EB4D5534B7DB80291790E2DB6BB5E0D7162E6E1A8CF1D7E09A02ACAA1968FFABEDC2D77BB2599B72BC11746A64161E748359D1C6007C278ED0856
V300052234_L02_7_2.fq.gz,EPI_ISL_13052326,2393120938,29660791,Mar 10 13:41,29A35DFBBF2F7328C0DB96118F0F831C505A24A6FC1C4BE269914338D4C08A7A050163B19839F803FE80BBB5A74CECE4F6308061D51AD8782DA9EF0A61FB89EE
V300052234_L02_8_1.fq.gz,EPI_ISL_13052331,2434628910,29067296,Mar 10 14:17,E2885976A6FAF48623B3F296E57674B02BE1EEA0813E8502656C5AF735B6239053D9977F0D117EC01CC4BC4C9B8056D6989889C5E99806BC59C389F9D9B72063
V300052234_L02_8_2.fq.gz,EPI_ISL_13052331,2374770269,29067296,Mar 10 14:16,A66CC99FFAA499B3CD21D7A92D68040E78EBD2AE14A351C1FDA3B651B845353C6745F0177BF7828AC8703A96BBFE83532C83F7D7545CBDBA1108A1DD60F00D06
V300052234_L03_10_1.fq.gz,EPI_ISL_13052341,2440977199,29164652,Mar 10 15:46,3F407696E3E268FAB3D6298A95035A1F33B3272BFD7E6582841CB783983B04956D6A65695BFA8D9A8137EDE96F40CB79F8A5B5042FB813805B9D31E7D25BFD78
V300052234_L03_10_2.fq.gz,EPI_ISL_13052341,2419951703,29164652,Mar 10 15:46,75D28F557D98ABD15D807EEE1B860A60D6F0EC42908A93E692C3DEDCDD1E1A4AF35D5719F1E68FC1CD9F385050AD999EB434FE3FE6C83935C899A89A7BD86726
V300052234_L03_12_1.fq.gz,EPI_ISL_13052328,1914305550,22682725,Mar 10 13:55,D61E0408F1E3205D08BE0817D09AB9DDA6402E1C7BEF98A611C36C654C79E5AF7C3E0C47FA0F8B639F3E6541318A3157BE67ECF7ED3061DD592BE67894F287D0
V300052234_L03_12_2.fq.gz,EPI_ISL_13052328,1888459690,22682725,Mar 10 13:55,6D72C0D9EB3759E70677A157BF634DBDBEDFECAA669939A8367C87D10E04D94EB231D3A152EAF3B2D40D28BE8E399683A0FEA5C429BA0FEBE998FFCD91FAC668
V300052234_L03_1_1.fq.gz,EPI_ISL_13052338,2002860835,24091369,Mar 10 15:16,8912FC4C55BE277A5741CC1A2C3BCFC78359C349380E8D2F978780852D241675D24C6A62B1F092716B7462F4F2491B0BD6D679A3B0EBF3285E7737CDC0069A1E
V300052234_L03_1_2.fq.gz,EPI_ISL_13052338,2006127494,24091369,Mar 10 15:17,E65DE1E847F4ECBEF302730CEBC317509FB214A9F83C55C5D41401D8AFAA1FE1F6E3E0FB5EEE8E2815A36874BA5B1BD35E8D5031D528B9AB4083B43945459360
V300052234_L03_22_1.fq.gz,EPI_ISL_13052343,1753089160,22919654,Mar 10 15:58,2624ED41F56464FB2D65E0B4D0C9F901FB658EF16DF2FACF37D425A954D332D835D4045D735688882EB07CF3E506278C9FFDA921414ECDBE6B87A984B09E66A3
V300052234_L03_22_2.fq.gz,EPI_ISL_13052343,1595500550,22919654,Mar 10 15:58,3A6AE8AE4669485F8CC580DF1129C46E3EB98836252CB9657475E65675C1E6462FA67E57976574E5DFCB69CA2866727902EACA1D9A9BB0E3138BB297A39A7892
V300052234_L03_25_1.fq.gz,EPI_ISL_13052346,4142362785,49998486,Mar 10 16:20,9884AB7323F5BE016D27E0492C24A970B7A1EA699E8C6530C520DD9D609CB99F59CAFE515F938B04328761EC681A01E045BA9AD40C81CC9DB3307672B622CAF2
V300052234_L03_25_2.fq.gz,EPI_ISL_13052346,4029696485,49998486,Mar 10 16:21,880A22EF95F64945C2D2E00350CF643A7A2F43FE2E8009C0AB3E9337C86BCA3A21D598BACAA377E9CDDEE273F45FCBB5E9CA56CF04B1636212FF2341E17DE3AF
V300052234_L03_2_1.fq.gz,EPI_ISL_13052336,2207450193,26438304,Mar 10 15:00,4AAE6923CE7F1D33CFE5978A89731AA23EB2BEDC2614213DE6B38A845F32B996394E33CE51FCDF6F7191E96FD3A85F190DFB001834242AF040A5CA2EC90B6AE1
V300052234_L03_2_2.fq.gz,EPI_ISL_13052336,2172461600,26438304,Mar 10 14:59,C5430C72EFDD00DDF7ED383F950104D88EC1C15B60FCAD91B482B5A8150EE6F8F6B2DFEB3A84843C764D1AB7512CA2A250F63691EAA5E8B4F179A52976F00C7B
V300052234_L03_3_1.fq.gz,EPI_ISL_13052345,1673998532,20202085,Mar 10 16:11,6C67E2AA2756AEB810F53394F985D510B7EE84C925BEF81107EF4331EB04DF5E7AC86E15D5A2173A0D0F1488A481F5176F34E0BE9ADFD18E94EF66ABEDA3AB3A
V300052234_L03_3_2.fq.gz,EPI_ISL_13052345,1636331076,20202085,Mar 10 16:11,1EDF25345CB586672FE68E3635EE806DCE3C93CDAD1637A62A9D01208C5CFB42D6A6C262A77BE0B1FB0B1AA39FBBD9268106E12225EFEC9835212E1813C4C5A7
V300052234_L03_4_1.fq.gz,EPI_ISL_13052330,4749004846,56053670,Mar 10 14:08,0FAFD7A7CE597F139A25157AA870558C9F55E0136E7FA2E50DF2ACA32F561615C635FF5A6BCC4E3182690712B38EC4E4BD78B3E000DBBCF60E12C9232B5B4E15
V300052234_L03_4_2.fq.gz,EPI_ISL_13052330,4605888428,56053670,Mar 10 14:06,23CCE74C0086C16F8E9C7018513636F9CFB3C06049D560090D50C753FC2329B7963F664D57652D897B9697F6CDCDAE241B106D71DFA9B501CED4AA5980FE9600
V300052234_L03_5_1.fq.gz,EPI_ISL_13052327,1560130491,18764681,Mar 10 13:50,C24F595AB0AD4A0A5EC47BC7776025906CFB1149477EBBCC7FB748FA7B9271654EBDB4D31CDD2CBA1F8471AB97F71A566468B378889CDC1A1B40DE6DD59D6617
V300052234_L03_5_2.fq.gz,EPI_ISL_13052327,1537742342,18764681,Mar 10 13:49,75A53870688FEFE7806431FDEC2B0CC2ECAB619AEE1FB981CA214F2DB5D2FE4FD93130183A5F85E66C1AA4BD348ECF923F87C142A4C17FE12D2E15402B07046C
V300052234_L03_6_1.fq.gz,EPI_ISL_13052325,3373917854,39542722,Mar 10 13:30,B2C4B1045BF935E492B3B7044193E7B375EE16D2C1006EE282AAC435D110E16729B69566644D0B8F8028FB5B66481A1708C1FB8B41D600561599241CC0C0DC48
V300052234_L03_6_2.fq.gz,EPI_ISL_13052325,3262592848,39542722,Mar 10 13:32,B00F06A4ACFE7D8872E838A0EC19B1185B962ACD43B68C626A6DAFB4ADDD9C80AE69BF52B3F886058F68E04548B0B4D9333D7A1DF7629F0A6A058946B0E6D50B
V300052234_L03_7_1.fq.gz,EPI_ISL_13052326,2430808933,28992602,Mar 10 13:40,77C2DC056C521E7BF73037F2826364177A4634520F24C8AD8F135410308194BCE995AED3583AF207A42994C43CDEA7F6D7E892125E17F8BC0F845BB8EC2FAAC3
V300052234_L03_7_2.fq.gz,EPI_ISL_13052326,2341743982,28992602,Mar 10 13:43,24384AAA799907D8FB875D34FEF0C12EEAEFB604D4338F1E340B1E12E27A82D1FFE12F30F41A5F1D6F2F80CE868A773F364C55AC35ADA07FFC03B671C8097B59
V300052234_L03_8_1.fq.gz,EPI_ISL_13052331,2433017946,29008538,Mar 10 14:17,EF78E221416E7DD2CEDBF83191B359F566728F091EE40A56D90AF78DADF9A4304AE2E766895CDA8EB18DA5C8D6B8617156C81CEE9A95798A66BE0E41124C9752
V300052234_L03_8_2.fq.gz,EPI_ISL_13052331,2373829174,29008538,Mar 10 14:19,DCFF45421F07FC928C472B37BCA91B908E2713400DADC0F2E172259E003476F44218F1D9EC2B5EFDCAC6E2E7B2FC5B02E183959CC51CDE24ECEEF57A92605470
V300052234_L04_10_1.fq.gz,EPI_ISL_13052341,2550044792,30475079,Mar 10 15:48,0C73D368F25AF807D03144912D8706E3A1F5D6C40D174B9605B0C8D142BDFF79A47E47596C872B54A22E81B744266FFF975AF8CE8BF21DB1D47E8147CCCDB419
V300052234_L04_10_2.fq.gz,EPI_ISL_13052341,2525304459,30475079,Mar 10 15:47,AD3A5BFD68CA191810E963445121F5104E3E9F1710E147A3B2A179EF812228555BDC337C49CD3B7AFB4978BBBFCF61E5235EC83664E3E58AFB268F1A7CE215BC
V300052234_L04_12_1.fq.gz,EPI_ISL_13052328,1887735909,22305541,Mar 10 13:53,D8E75B67C7B6EDCB7B2EDCBB0547BD90B7AF10FFB88D0D775BF7CA919E7316F5EBF1301EA8707CBDFCA20F7EF6A0B1637791CABC47C484A550DAD96C234D7D0D
V300052234_L04_12_2.fq.gz,EPI_ISL_13052328,1857675178,22305541,Mar 10 13:53,E4EE2B5E2FAC4872D1E616E990883CAFD459B6394362F4AC3EB30D4AD828E8176F022DD2DEC38E7DDAB929322A2DB4C3D9D0F3848B1A59F65A770B14E93AC0AB
V300052234_L04_1_1.fq.gz,EPI_ISL_13052338,2118282073,25724064,Mar 10 15:17,D214CF3BA0D74CD472F8D84ADB1D2D7927CC9D81B41B72AC85BCADB3E943C96AFB5FC1E4FECEC4BE1E68D192DB3876041B126F0A6383E0592FC97DDEF1AF176A
V300052234_L04_1_2.fq.gz,EPI_ISL_13052338,2116215631,25724064,Mar 10 15:12,CB119CF3476BC29BD46829356CAC2909C2425493FBFD1A2546EB9B8ED2D06ED1D8FC970910300A7424462D9AEFEF072E9A593B8DABA1DE2460DD5B6EF20FCDCE
V300052234_L04_22_1.fq.gz,EPI_ISL_13052343,2087718051,27843943,Mar 10 15:57,49B6C90703A237EB9C0BA1C6A8CD0E7E4681ABD7A2B9FB39A876460FCDCE7AF1AC0014EBEA0231E9C1802E04BF865A8EE6EA52B0FCCC3EE73B6C01796C31B8C5
V300052234_L04_22_2.fq.gz,EPI_ISL_13052343,1897684542,27843943,Mar 10 15:58,4C686222777AA0636FAA5F0B267B59DED5AEC654EB7A487B9C9C37B4E884435B7E69835F390E96DD4BE85DCC130403E437F399DA0D94F6E9CA353FACF71A694D
V300052234_L04_25_1.fq.gz,EPI_ISL_13052346,4055029382,48874349,Mar 10 16:22,EC7238B234A301F1799E3B5222CD7ABCEC438D02F845A3F8D2F0AC623CFBA2742D03D52AC15236C7F3FE34E71D1B84426EFBE15B0A951FDC308CA0CEA236DCD2
V300052234_L04_25_2.fq.gz,EPI_ISL_13052346,3935240809,48874349,Mar 10 16:18,FC13E27C9FFD391D813479400EC3054C8A75EF32D9A449E7DABB8CB0ACFFB109CD30E5001A2E82A7850BCD5161AC85107C8A38993FF23499F424B782731D67B1
V300052234_L04_2_1.fq.gz,EPI_ISL_13052336,2231781538,26676632,Mar 10 14:58,265451459408ACBD31D44B8EAA4B138D3E94AFF41716D196D718EFB9A1B44726B10B17704474F3D8844829B73D79DB0F7B709184F2C85C428559B0A742A1A9F0
V300052234_L04_2_2.fq.gz,EPI_ISL_13052336,2199103839,26676632,Mar 10 15:01,9C9770B55E3C253BB642E8F11D6AAD279C48793BA7AE989DC03026AB382C072751E20AE70E4D09B669CFBEB2795F528C622E5CE616684E7C41F97F01ED05E62C
V300052234_L04_3_1.fq.gz,EPI_ISL_13052345,1819149121,22084367,Mar 10 16:11,05E5A12559E4CE7E92B0FD3FD9283AF400B6D0A89A685F8AC6ABC9FD320E231EED44E1B35CE3D9D55490F6CA8772B1A7B9914AB0E62D2B6C6213F583200C3E8D
V300052234_L04_3_2.fq.gz,EPI_ISL_13052345,1773819646,22084367,Mar 10 16:13,63F25D27F370C64E242A89D0191C9C0A972AE62BC08B2CDB55B87D0FEBF7343EDAB5448B538B942FDB171FA3102768FD2FD12B643E838527B40AA2BDF608BEE5
V300052234_L04_4_1.fq.gz,EPI_ISL_13052330,4668854043,55024889,Mar 10 14:07,7BA03AA573E2C97A4C9FB175B56FE3A156CB6FB353044FD70D54A40664681C625A156D9A3B8A767D4D723865CFF4A00AD968D78838F3E74832082B15B4F0626A
V300052234_L04_4_2.fq.gz,EPI_ISL_13052330,4516401038,55024889,Mar 10 14:05,E594CD5425CB88CF13546AC4A36DF2B9966DE99E9E809FFA54C8891123D9ADA84669401919A241CBEC6CB0E2CA760B0886BDDE46A5D5D409705E1D644CEFD918
V300052234_L04_5_1.fq.gz,EPI_ISL_13052327,1570268290,18797756,Mar 10 13:49,BD681204079AA3D9CB06794F0A4335E5B09D9C0AB7363D42A663F2BD4625971B610AE6B870397A519B65500B84C5DC480921F69FA1C234EBE2563B5896AFA5C6
V300052234_L04_5_2.fq.gz,EPI_ISL_13052327,1542689840,18797756,Mar 10 13:49,FD89E8017259D2438BB5065E1D09177F2830E299FFD3EB2618F82877D8044BD2E3DA54B0AF3F5C36B612A1C836ACF74FDBAA632137A71DDC268D17A23980A63F
V300052234_L04_6_1.fq.gz,EPI_ISL_13052325,3341156127,39102011,Mar 10 13:31,C9C393022058628987D35540AD20689B14652A8B0FA88AF2D818867162E3960DDED4C892AB01D2C092B73C2722EF1D304EA1368EEEC94D8264016DFE9519AFB6
V300052234_L04_6_2.fq.gz,EPI_ISL_13052325,3224082131,39102011,Mar 10 13:29,0C3030A5D5E3006123334B20BDB3CA5DCBD136E567C799DB58318EEB6711D058AB218E82BF8EB79B85261D7C956D66B50A4180AA7B938EB6A3512ED166D708B5
V300052234_L04_7_1.fq.gz,EPI_ISL_13052326,2369934617,28218688,Mar 10 13:43,CAAD789B461EF00774FE8E47B1CCD9E352B569934CF4FCBB4D6CA625567E763A56A75B3CD597AA1AE2C70720712F77497965E30E0985ECD588FA8CE36FC88A47
V300052234_L04_7_2.fq.gz,EPI_ISL_13052326,2281368826,28218688,Mar 10 13:42,1BC7DF131C17FB6C8C808D50C63139BC98CE5353EC23E79DAB73A921F51AE41D871AEFCCCC35829971C91674D0C654C178EDC5D35E507E82B3BE99F818012556
V300052234_L04_8_1.fq.gz,EPI_ISL_13052331,2442871938,29093314,Mar 10 14:19,BC544AF1A4F58BCAB31339B191C499A8365492EFA39A56DB9086EFE75F61D05BD02557697502A9436A89D8A9B8CD5D623EEA323A9095EB6296D89AFD8CD99BAD
V300052234_L04_8_2.fq.gz,EPI_ISL_13052331,2380196474,29093314,Mar 10 14:20,5DA65E6E93E52FD1866C15DF709B2F4C781D17AEA967A4AE219F3F6F9233668E8870380450B728BF4B1A9A7159E14EDA705D4177FE1220410C52FBAF0EA230D8